{
  "fold_results": [
    {
      "fold": 1,
      "cmc": [
        0.0036496350364963502,
        0.014598540145985401,
        0.020072992700729927,
        0.023722627737226276,
        0.02737226277372263,
        0.03102189781021898,
        0.03832116788321168,
        0.043795620437956206,
        0.04927007299270073,
        0.051094890510948905,
        0.05474452554744526,
        0.058394160583941604,
        0.058394160583941604,
        0.058394160583941604,
        0.06751824817518248,
        0.06934306569343066,
        0.06934306569343066,
        0.072992700729927,
        0.07664233576642336,
        0.08394160583941605,
        0.08759124087591241
      ],
      "metrics": {
        "rank_1": 0.014598540145985401,
        "rank_5": 0.03102189781021898,
        "rank_10": 0.05474452554744526,
        "rank_20": 0.08759124087591241,
        "eer": 0.5,
        "far_at_frr_0.1": 1.0,
        "far_at_frr_0.01": 1.0
      },
      "num_genuine_pairs": 10,
      "num_impostor_pairs": 9990
    },
    {
      "fold": 2,
      "cmc": [
        0.0,
        0.0,
        0.0,
        0.0036496350364963502,
        0.009124087591240875,
        0.010948905109489052,
        0.014598540145985401,
        0.014598540145985401,
        0.016423357664233577,
        0.01824817518248175,
        0.020072992700729927,
        0.023722627737226276,
        0.029197080291970802,
        0.0364963503649635,
        0.03832116788321168,
        0.03832116788321168,
        0.03832116788321168,
        0.041970802919708027,
        0.041970802919708027,
        0.041970802919708027,
        0.04562043795620438
      ],
      "metrics": {
        "rank_1": 0.0,
        "rank_5": 0.010948905109489052,
        "rank_10": 0.020072992700729927,
        "rank_20": 0.04562043795620438,
        "eer": 0.5,
        "far_at_frr_0.1": 1.0,
        "far_at_frr_0.01": 1.0
      },
      "num_genuine_pairs": 10,
      "num_impostor_pairs": 9990
    },
    {
      "fold": 3,
      "cmc": [
        0.0018248175182481751,
        0.009124087591240875,
        0.012773722627737226,
        0.020072992700729927,
        0.021897810218978103,
        0.023722627737226276,
        0.025547445255474453,
        0.025547445255474453,
        0.032846715328467155,
        0.0364963503649635,
        0.0364963503649635,
        0.040145985401459854,
        0.04562043795620438,
        0.04562043795620438,
        0.04562043795620438,
        0.04562043795620438,
        0.04744525547445255,
        0.05474452554744526,
        0.05656934306569343,
        0.06204379562043796,
        0.06204379562043796
      ],
      "metrics": {
        "rank_1": 0.009124087591240875,
        "rank_5": 0.023722627737226276,
        "rank_10": 0.0364963503649635,
        "rank_20": 0.06204379562043796,
        "eer": 0.5,
        "far_at_frr_0.1": 1.0,
        "far_at_frr_0.01": 1.0
      },
      "num_genuine_pairs": 10,
      "num_impostor_pairs": 9990
    },
    {
      "fold": 4,
      "cmc": [
        0.0,
        0.0018281535648994515,
        0.0018281535648994515,
        0.0018281535648994515,
        0.0018281535648994515,
        0.005484460694698354,
        0.005484460694698354,
        0.010968921389396709,
        0.010968921389396709,
        0.014625228519195612,
        0.018281535648994516,
        0.021937842778793418,
        0.027422303473491772,
        0.029250457038391225,
        0.031078610603290677,
        0.03473491773308958,
        0.03473491773308958,
        0.03473491773308958,
        0.03656307129798903,
        0.04204753199268738,
        0.04570383912248629
      ],
      "metrics": {
        "rank_1": 0.0018281535648994515,
        "rank_5": 0.005484460694698354,
        "rank_10": 0.018281535648994516,
        "rank_20": 0.04570383912248629,
        "eer": 0.5,
        "far_at_frr_0.1": 1.0,
        "far_at_frr_0.01": 1.0
      },
      "num_genuine_pairs": 10,
      "num_impostor_pairs": 9990
    }
  ],
  "overall_metrics": {
    "rank_1": {
      "mean": 0.006387695325531432,
      "ci_lower": -0.0029076185524176054,
      "ci_upper": 0.01568300920348047,
      "std": 0.005841615528605364
    },
    "rank_5": {
      "mean": 0.017794472837908165,
      "ci_lower": 0.0017139447394074608,
      "ci_upper": 0.03387500093640887,
      "std": 0.010105765537538055
    },
    "rank_10": {
      "mean": 0.0323988510655333,
      "ci_lower": 0.00896752893195589,
      "ci_upper": 0.05583017319911071,
      "std": 0.01472535269152864
    },
    "rank_20": {
      "mean": 0.06023982839376026,
      "ci_lower": 0.03295167787947324,
      "ci_upper": 0.08752797890804728,
      "std": 0.017149166330933177
    },
    "eer": {
      "mean": 0.5,
      "ci_lower": 0.5,
      "ci_upper": 0.5,
      "std": 0.0
    },
    "far_at_frr_0.1": {
      "mean": 1.0,
      "ci_lower": 1.0,
      "ci_upper": 1.0,
      "std": 0.0
    },
    "far_at_frr_0.01": {
      "mean": 1.0,
      "ci_lower": 1.0,
      "ci_upper": 1.0,
      "std": 0.0
    }
  }
}