{
  "train_loss": [
    15.558508917689323,
    14.661958184838294,
    13.765536871552467,
    12.977474373579025,
    12.28911588191986,
    11.688276126980782,
    11.165126983821391,
    10.710225519537925,
    10.312099009752274,
    9.966660784184933,
    9.663630124926566,
    9.398560699820518,
    9.169470196962356,
    8.973337256908417,
    8.7929065823555,
    8.639931896328926,
    8.509463167190551,
    8.390576960146428,
    8.291836833953857,
    8.198650267720222,
    8.123241153359412,
    8.056949038803577,
    8.000300857424737,
    7.944928954541683,
    7.897499856352806,
    7.85799540579319,
    7.8213581696152685,
    7.791992574930191,
    7.76481858342886,
    7.738995170593261,
    7.720535440742969,
    7.69761989414692,
    7.6894114941358565,
    7.675095647573471,
    7.6546099334955215,
    7.651581837236881,
    7.640090182423592,
    7.631350825726986,
    7.624861416220665,
    7.616517169773578,
    7.608219265937805,
    7.603869114816189,
    7.601990231871605,
    7.59913336634636,
    7.591638503968715,
    7.591892942786217,
    7.584067507088184,
    7.586775687336922,
    7.591512612998486,
    7.580170546472073,
    7.576153367757797,
    7.575568450987339,
    7.576551453769207,
    7.572995682060719,
    7.5710608959198,
    7.576985822618008,
    7.567318478226662,
    7.5728698641061785,
    7.564249484241008,
    7.5721550151705745,
    7.56963478922844,
    7.562071941792965,
    7.568421682715416
  ],
  "val_loss": [
    16.81743455969769,
    16.145163190537605,
    15.334388829659725,
    14.520830347918082,
    13.850130039712656,
    13.216663789058078,
    12.69256922127544,
    12.221125671829002,
    11.83065454510675,
    11.485924167909484,
    11.177725280540576,
    10.917270867720895,
    10.683873397716578,
    10.476064999898275,
    10.303979693979457,
    10.154219558273537,
    10.030667360278143,
    9.887804252513941,
    9.789417211560236,
    9.703697467195814,
    9.631265571151955,
    9.566678282143414,
    9.623256434565006,
    9.44988835376242,
    9.421885144883309,
    9.391784502112348,
    9.373835135197293,
    9.337094832157742,
    9.306371080702629,
    9.285185426905535,
    9.255925938703012,
    9.251365164051885,
    9.22373059867085,
    9.22195834007816,
    9.209809068320453,
    9.191047654635664,
    9.193635650303053,
    9.29387320642886,
    9.180372030838676,
    9.158038747483406,
    9.14782178574714,
    9.155730164569357,
    9.14646812107252,
    9.155267259348994,
    9.144667666891348,
    9.144690264826236,
    9.15463075776031,
    9.160350619882777,
    9.132091992143271,
    9.145270154096078,
    9.134260744288348,
    9.129375070765398,
    9.11892224740291,
    9.141888093257297,
    9.127204438914424,
    9.130038289056309,
    9.1888795659162,
    9.13564632249915,
    9.130935171376104,
    9.126514780348625,
    9.127213491909746,
    9.13335391058438,
    9.127894042194754
  ]
}