{
  "fold_results": [
    {
      "fold": 1,
      "cmc": [
        0.18666666666666668,
        0.26666666666666666,
        0.34,
        0.42,
        0.48,
        0.5466666666666666,
        0.5866666666666667,
        0.6066666666666667,
        0.62,
        0.7,
        0.7333333333333333,
        0.7466666666666667,
        0.8,
        0.8266666666666667,
        0.86,
        0.9,
        0.9466666666666667,
        0.9733333333333334,
        0.9733333333333334,
        0.9866666666666667,
        1.0
      ],
      "metrics": {
        "rank_1": 0.18666666666666668,
        "rank_5": 0.48,
        "rank_10": 0.7,
        "rank_20": 0.9866666666666667,
        "eer": 0.19533542636071416,
        "far_at_frr_0.1": 0.21700673434516032,
        "far_at_frr_0.01": 0.22585184440647302
      },
      "num_genuine_pairs": 51,
      "num_impostor_pairs": 9949
    },
    {
      "fold": 2,
      "cmc": [
        0.22,
        0.32,
        0.3933333333333333,
        0.5,
        0.5533333333333333,
        0.62,
        0.6733333333333333,
        0.7,
        0.72,
        0.76,
        0.78,
        0.8133333333333334,
        0.84,
        0.88,
        0.8866666666666667,
        0.9333333333333333,
        0.9466666666666667,
        0.96,
        0.9666666666666667,
        0.98,
        1.0
      ],
      "metrics": {
        "rank_1": 0.22,
        "rank_5": 0.5533333333333333,
        "rank_10": 0.76,
        "rank_20": 0.98,
        "eer": 0.19352619930271836,
        "far_at_frr_0.1": 0.21298622977183637,
        "far_at_frr_0.01": 0.24866820786008645
      },
      "num_genuine_pairs": 51,
      "num_impostor_pairs": 9949
    },
    {
      "fold": 3,
      "cmc": [
        0.2,
        0.32666666666666666,
        0.41333333333333333,
        0.48,
        0.54,
        0.58,
        0.6066666666666667,
        0.6733333333333333,
        0.7133333333333334,
        0.7466666666666667,
        0.7666666666666667,
        0.7933333333333333,
        0.84,
        0.8733333333333333,
        0.8866666666666667,
        0.9266666666666666,
        0.94,
        0.9533333333333334,
        0.9666666666666667,
        0.98,
        1.0
      ],
      "metrics": {
        "rank_1": 0.2,
        "rank_5": 0.54,
        "rank_10": 0.7466666666666667,
        "rank_20": 0.98,
        "eer": 0.1809581808399307,
        "far_at_frr_0.1": 0.2200221127751533,
        "far_at_frr_0.01": 0.2351995175394512
      },
      "num_genuine_pairs": 51,
      "num_impostor_pairs": 9949
    },
    {
      "fold": 4,
      "cmc": [
        0.16666666666666666,
        0.2866666666666667,
        0.37333333333333335,
        0.46,
        0.5533333333333333,
        0.6066666666666667,
        0.6333333333333333,
        0.6933333333333334,
        0.74,
        0.7666666666666667,
        0.8,
        0.8333333333333334,
        0.8533333333333334,
        0.8733333333333333,
        0.9,
        0.92,
        0.94,
        0.9533333333333334,
        0.9733333333333334,
        0.9933333333333333,
        1.0
      ],
      "metrics": {
        "rank_1": 0.16666666666666666,
        "rank_5": 0.5533333333333333,
        "rank_10": 0.7666666666666667,
        "rank_20": 0.9933333333333333,
        "eer": 0.17774177718127154,
        "far_at_frr_0.1": 0.20635239722585186,
        "far_at_frr_0.01": 0.2279626093074681
      },
      "num_genuine_pairs": 51,
      "num_impostor_pairs": 9949
    },
    {
      "fold": 5,
      "cmc": [
        0.2,
        0.32666666666666666,
        0.44,
        0.49333333333333335,
        0.5533333333333333,
        0.6066666666666667,
        0.6533333333333333,
        0.6733333333333333,
        0.7133333333333334,
        0.76,
        0.7666666666666667,
        0.7933333333333333,
        0.8266666666666667,
        0.8666666666666667,
        0.8866666666666667,
        0.9,
        0.9466666666666667,
        0.9533333333333334,
        0.9666666666666667,
        0.9733333333333334,
        1.0
      ],
      "metrics": {
        "rank_1": 0.2,
        "rank_5": 0.5533333333333333,
        "rank_10": 0.76,
        "rank_20": 0.9733333333333334,
        "eer": 0.16150504829532575,
        "far_at_frr_0.1": 0.20012061513719973,
        "far_at_frr_0.01": 0.2257513317921399
      },
      "num_genuine_pairs": 51,
      "num_impostor_pairs": 9949
    }
  ],
  "overall_metrics": {
    "rank_1": {
      "mean": 0.19466666666666668,
      "ci_lower": 0.172828435957228,
      "ci_upper": 0.21650489737610537,
      "std": 0.017587874611030563
    },
    "rank_5": {
      "mean": 0.5359999999999999,
      "ci_lower": 0.5006470835425288,
      "ci_upper": 0.571352916457471,
      "std": 0.028472208672083506
    },
    "rank_10": {
      "mean": 0.7466666666666667,
      "ci_lower": 0.7165920711160128,
      "ci_upper": 0.7767412622173206,
      "std": 0.02422120283277996
    },
    "rank_20": {
      "mean": 0.9826666666666666,
      "ci_lower": 0.974224974725111,
      "ci_upper": 0.9911083586082221,
      "std": 0.006798692684790358
    },
    "eer": {
      "mean": 0.1818133263959921,
      "ci_lower": 0.16660840646225278,
      "ci_upper": 0.19701824632973142,
      "std": 0.012245599417986905
    },
    "far_at_frr_0.1": {
      "mean": 0.21129761785104031,
      "ci_lower": 0.2023276317377546,
      "ci_upper": 0.22026760396432604,
      "std": 0.007224165415331379
    },
    "far_at_frr_0.01": {
      "mean": 0.23268670218112372,
      "ci_lower": 0.22187845446367457,
      "ci_upper": 0.24349494989857287,
      "std": 0.008704647741325148
    }
  }
}