{
  "fold_results": [
    {
      "fold": 1,
      "cmc": [
        0.008228840125391849,
        0.016849529780564265,
        0.02586206896551724,
        0.03213166144200627,
        0.039968652037617555,
        0.048589341692789965,
        0.05760188087774295,
        0.06583072100313479,
        0.07249216300940439,
        0.07993730407523511,
        0.08699059561128526,
        0.09482758620689655,
        0.10266457680250783,
        0.11050156739811912,
        0.11716300940438872,
        0.125,
        0.1328369905956113,
        0.14067398119122257,
        0.14851097178683387,
        0.15634796238244514,
        0.16418495297805644
      ],
      "metrics": {
        "rank_1": 0.008228840125391849,
        "rank_5": 0.039968652037617555,
        "rank_10": 0.07993730407523511,
        "rank_20": 0.15634796238244514,
        "eer": 0.5,
        "far_at_frr_0.1": 1.0,
        "far_at_frr_0.01": 1.0
      },
      "num_genuine_pairs": 70,
      "num_impostor_pairs": 9930
    },
    {
      "fold": 2,
      "cmc": [
        0.008228840125391849,
        0.016849529780564265,
        0.02586206896551724,
        0.03213166144200627,
        0.039968652037617555,
        0.048589341692789965,
        0.05760188087774295,
        0.06583072100313479,
        0.07249216300940439,
        0.07993730407523511,
        0.08699059561128526,
        0.09482758620689655,
        0.10266457680250783,
        0.11050156739811912,
        0.11716300940438872,
        0.125,
        0.1328369905956113,
        0.14067398119122257,
        0.14851097178683387,
        0.15634796238244514,
        0.16418495297805644
      ],
      "metrics": {
        "rank_1": 0.008228840125391849,
        "rank_5": 0.039968652037617555,
        "rank_10": 0.07993730407523511,
        "rank_20": 0.15634796238244514,
        "eer": 0.5,
        "far_at_frr_0.1": 1.0,
        "far_at_frr_0.01": 1.0
      },
      "num_genuine_pairs": 70,
      "num_impostor_pairs": 9930
    },
    {
      "fold": 3,
      "cmc": [
        0.008228840125391849,
        0.016849529780564265,
        0.02586206896551724,
        0.03213166144200627,
        0.039968652037617555,
        0.048589341692789965,
        0.05760188087774295,
        0.06583072100313479,
        0.07249216300940439,
        0.07993730407523511,
        0.08699059561128526,
        0.09482758620689655,
        0.10266457680250783,
        0.11050156739811912,
        0.11716300940438872,
        0.125,
        0.1328369905956113,
        0.14067398119122257,
        0.14851097178683387,
        0.15634796238244514,
        0.16418495297805644
      ],
      "metrics": {
        "rank_1": 0.008228840125391849,
        "rank_5": 0.039968652037617555,
        "rank_10": 0.07993730407523511,
        "rank_20": 0.15634796238244514,
        "eer": 0.5,
        "far_at_frr_0.1": 1.0,
        "far_at_frr_0.01": 1.0
      },
      "num_genuine_pairs": 70,
      "num_impostor_pairs": 9930
    },
    {
      "fold": 4,
      "cmc": [
        0.008228840125391849,
        0.016849529780564265,
        0.02586206896551724,
        0.03213166144200627,
        0.039968652037617555,
        0.048589341692789965,
        0.05760188087774295,
        0.06583072100313479,
        0.07249216300940439,
        0.07993730407523511,
        0.08699059561128526,
        0.09482758620689655,
        0.10266457680250783,
        0.11050156739811912,
        0.11716300940438872,
        0.125,
        0.1328369905956113,
        0.14067398119122257,
        0.14851097178683387,
        0.15634796238244514,
        0.16418495297805644
      ],
      "metrics": {
        "rank_1": 0.008228840125391849,
        "rank_5": 0.039968652037617555,
        "rank_10": 0.07993730407523511,
        "rank_20": 0.15634796238244514,
        "eer": 0.5,
        "far_at_frr_0.1": 1.0,
        "far_at_frr_0.01": 1.0
      },
      "num_genuine_pairs": 70,
      "num_impostor_pairs": 9930
    },
    {
      "fold": 5,
      "cmc": [
        0.008228840125391849,
        0.016849529780564265,
        0.02586206896551724,
        0.03213166144200627,
        0.039968652037617555,
        0.048589341692789965,
        0.05760188087774295,
        0.06583072100313479,
        0.07249216300940439,
        0.07993730407523511,
        0.08699059561128526,
        0.09482758620689655,
        0.10266457680250783,
        0.11050156739811912,
        0.11716300940438872,
        0.125,
        0.1328369905956113,
        0.14067398119122257,
        0.14851097178683387,
        0.15634796238244514,
        0.16418495297805644
      ],
      "metrics": {
        "rank_1": 0.008228840125391849,
        "rank_5": 0.039968652037617555,
        "rank_10": 0.07993730407523511,
        "rank_20": 0.15634796238244514,
        "eer": 0.5,
        "far_at_frr_0.1": 1.0,
        "far_at_frr_0.01": 1.0
      },
      "num_genuine_pairs": 70,
      "num_impostor_pairs": 9930
    }
  ],
  "overall_metrics": {
    "rank_1": {
      "mean": 0.008228840125391849,
      "ci_lower": 0.008228840125391849,
      "ci_upper": 0.008228840125391849,
      "std": 0.0
    },
    "rank_5": {
      "mean": 0.039968652037617555,
      "ci_lower": 0.039968652037617555,
      "ci_upper": 0.039968652037617555,
      "std": 0.0
    },
    "rank_10": {
      "mean": 0.07993730407523511,
      "ci_lower": 0.07993730407523511,
      "ci_upper": 0.07993730407523511,
      "std": 0.0
    },
    "rank_20": {
      "mean": 0.15634796238244514,
      "ci_lower": 0.15634796238244514,
      "ci_upper": 0.15634796238244514,
      "std": 0.0
    },
    "eer": {
      "mean": 0.5,
      "ci_lower": 0.5,
      "ci_upper": 0.5,
      "std": 0.0
    },
    "far_at_frr_0.1": {
      "mean": 1.0,
      "ci_lower": 1.0,
      "ci_upper": 1.0,
      "std": 0.0
    },
    "far_at_frr_0.01": {
      "mean": 1.0,
      "ci_lower": 1.0,
      "ci_upper": 1.0,
      "std": 0.0
    }
  }
}