{
  "fold_results": [
    {
      "fold": 1,
      "cmc": [
        0.041742286751361164,
        0.08166969147005444,
        0.12341197822141561,
        0.1560798548094374,
        0.19782214156079855,
        0.22141560798548093,
        0.24319419237749546,
        0.27041742286751363,
        0.2958257713248639,
        0.3194192377495463,
        0.33756805807622503,
        0.35390199637023595,
        0.37749546279491836,
        0.38475499092558985,
        0.39019963702359345,
        0.40653357531760437,
        0.4246823956442831,
        0.4355716878402904,
        0.44646098003629764,
        0.4500907441016334,
        0.455535390199637
      ],
      "metrics": {
        "rank_1": 0.08166969147005444,
        "rank_5": 0.22141560798548093,
        "rank_10": 0.33756805807622503,
        "rank_20": 0.455535390199637,
        "eer": 0.01205964771817454,
        "far_at_frr_0.1": 0.019615692554043235,
        "far_at_frr_0.01": 0.02411929543634908
      },
      "num_genuine_pairs": 8,
      "num_impostor_pairs": 9992
    },
    {
      "fold": 2,
      "cmc": [
        0.034482758620689655,
        0.06896551724137931,
        0.09437386569872959,
        0.11796733212341198,
        0.15063520871143377,
        0.17422867513611615,
        0.20508166969147004,
        0.23049001814882034,
        0.2558983666061706,
        0.279491833030853,
        0.29038112522686027,
        0.3139745916515426,
        0.33030852994555354,
        0.3448275862068966,
        0.3666061705989111,
        0.3793103448275862,
        0.39019963702359345,
        0.40653357531760437,
        0.4192377495462795,
        0.4192377495462795,
        0.4337568058076225
      ],
      "metrics": {
        "rank_1": 0.06896551724137931,
        "rank_5": 0.17422867513611615,
        "rank_10": 0.29038112522686027,
        "rank_20": 0.4337568058076225,
        "eer": 0.013759631742219555,
        "far_at_frr_0.1": 0.017812468728109678,
        "far_at_frr_0.01": 0.02751926348443911
      },
      "num_genuine_pairs": 7,
      "num_impostor_pairs": 9993
    },
    {
      "fold": 3,
      "cmc": [
        0.039927404718693285,
        0.06352087114337568,
        0.08892921960072596,
        0.12159709618874773,
        0.147005444646098,
        0.17967332123411978,
        0.20689655172413793,
        0.23411978221415608,
        0.2595281306715064,
        0.279491833030853,
        0.29945553539019965,
        0.3139745916515426,
        0.33575317604355714,
        0.35571687840290384,
        0.3647912885662432,
        0.38656987295825773,
        0.397459165154265,
        0.4047186932849365,
        0.40834845735027225,
        0.41742286751361163,
        0.4246823956442831
      ],
      "metrics": {
        "rank_1": 0.06352087114337568,
        "rank_5": 0.17967332123411978,
        "rank_10": 0.29945553539019965,
        "rank_20": 0.4246823956442831,
        "eer": 0.017762433703592515,
        "far_at_frr_0.1": 0.012708896227359151,
        "far_at_frr_0.01": 0.03552486740718503
      },
      "num_genuine_pairs": 7,
      "num_impostor_pairs": 9993
    },
    {
      "fold": 4,
      "cmc": [
        0.045372050816696916,
        0.08711433756805807,
        0.12159709618874773,
        0.1542649727767695,
        0.17785843920145192,
        0.20326678765880218,
        0.21960072595281308,
        0.23774954627949182,
        0.2558983666061706,
        0.27404718693284935,
        0.2849364791288566,
        0.308529945553539,
        0.3194192377495463,
        0.32849364791288566,
        0.35208711433756806,
        0.3702359346642468,
        0.37749546279491836,
        0.39201451905626133,
        0.3956442831215971,
        0.4101633393829401,
        0.41742286751361163
      ],
      "metrics": {
        "rank_1": 0.08711433756805807,
        "rank_5": 0.20326678765880218,
        "rank_10": 0.2849364791288566,
        "rank_20": 0.41742286751361163,
        "eer": 0.009606724707295107,
        "far_at_frr_0.1": 0.007004903432402682,
        "far_at_frr_0.01": 0.019213449414590213
      },
      "num_genuine_pairs": 7,
      "num_impostor_pairs": 9993
    },
    {
      "fold": 5,
      "cmc": [
        0.05272727272727273,
        0.09272727272727273,
        0.12545454545454546,
        0.15818181818181817,
        0.1690909090909091,
        0.19090909090909092,
        0.2109090909090909,
        0.2309090909090909,
        0.26181818181818184,
        0.28363636363636363,
        0.30363636363636365,
        0.3290909090909091,
        0.34,
        0.3527272727272727,
        0.36363636363636365,
        0.3709090909090909,
        0.3927272727272727,
        0.4,
        0.41818181818181815,
        0.4254545454545455,
        0.43636363636363634
      ],
      "metrics": {
        "rank_1": 0.09272727272727273,
        "rank_5": 0.19090909090909092,
        "rank_10": 0.30363636363636365,
        "rank_20": 0.43636363636363634,
        "eer": 0.005003502451716202,
        "far_at_frr_0.1": 0.009306514560192134,
        "far_at_frr_0.01": 0.010007004903432403
      },
      "num_genuine_pairs": 7,
      "num_impostor_pairs": 9993
    }
  ],
  "overall_metrics": {
    "rank_1": {
      "mean": 0.07879953803002805,
      "ci_lower": 0.06518078647619155,
      "ci_upper": 0.09241828958386455,
      "std": 0.010968145628396955
    },
    "rank_5": {
      "mean": 0.19389869658472197,
      "ci_lower": 0.1728039227338151,
      "ci_upper": 0.21499347043562886,
      "std": 0.01698911612273799
    },
    "rank_10": {
      "mean": 0.30319551229170105,
      "ci_lower": 0.28034582796159147,
      "ci_upper": 0.32604519662181064,
      "std": 0.018402469881678728
    },
    "rank_20": {
      "mean": 0.43355221910575814,
      "ci_lower": 0.4175541555949735,
      "ci_upper": 0.4495502826165428,
      "std": 0.012884374141416716
    },
    "eer": {
      "mean": 0.011638388064599584,
      "ci_lower": 0.006360792188558472,
      "ci_upper": 0.016915983940640696,
      "std": 0.004250421920645096
    },
    "far_at_frr_0.1": {
      "mean": 0.013289695100421375,
      "ci_lower": 0.007304529808622336,
      "ci_upper": 0.019274860392220414,
      "std": 0.004820277708347342
    },
    "far_at_frr_0.01": {
      "mean": 0.023276776129199168,
      "ci_lower": 0.012721584377116945,
      "ci_upper": 0.03383196788128139,
      "std": 0.008500843841290191
    }
  }
}