{
  "fold_results": [
    {
      "fold": 1,
      "cmc": [
        0.0008333333333333334,
        0.0020833333333333333,
        0.002916666666666667,
        0.00375,
        0.005,
        0.005833333333333334,
        0.007083333333333333,
        0.007916666666666667,
        0.00875,
        0.01,
        0.010833333333333334,
        0.012083333333333333,
        0.012916666666666667,
        0.01375,
        0.015,
        0.015833333333333335,
        0.017083333333333332,
        0.017916666666666668,
        0.01875,
        0.02,
        0.020833333333333332
      ],
      "metrics": {
        "rank_1": 0.0008333333333333334,
        "rank_5": 0.005,
        "rank_10": 0.01,
        "rank_20": 0.02,
        "eer": 0.5,
        "far_at_frr_0.1": 1.0,
        "far_at_frr_0.01": 1.0
      },
      "num_genuine_pairs": 4,
      "num_impostor_pairs": 9996
    },
    {
      "fold": 2,
      "cmc": [
        0.0008333333333333334,
        0.0020833333333333333,
        0.002916666666666667,
        0.004166666666666667,
        0.005,
        0.005833333333333334,
        0.007083333333333333,
        0.007916666666666667,
        0.009166666666666667,
        0.01,
        0.010833333333333334,
        0.012083333333333333,
        0.012916666666666667,
        0.014166666666666666,
        0.015,
        0.015833333333333335,
        0.017083333333333332,
        0.017916666666666668,
        0.019166666666666665,
        0.02,
        0.020833333333333332
      ],
      "metrics": {
        "rank_1": 0.0008333333333333334,
        "rank_5": 0.005,
        "rank_10": 0.01,
        "rank_20": 0.02,
        "eer": 0.5,
        "far_at_frr_0.1": 1.0,
        "far_at_frr_0.01": 1.0
      },
      "num_genuine_pairs": 4,
      "num_impostor_pairs": 9996
    },
    {
      "fold": 3,
      "cmc": [
        0.00125,
        0.0020833333333333333,
        0.002916666666666667,
        0.004166666666666667,
        0.005,
        0.00625,
        0.007083333333333333,
        0.007916666666666667,
        0.009166666666666667,
        0.01,
        0.01125,
        0.012083333333333333,
        0.012916666666666667,
        0.014166666666666666,
        0.015,
        0.01625,
        0.017083333333333332,
        0.017916666666666668,
        0.019166666666666665,
        0.02,
        0.02125
      ],
      "metrics": {
        "rank_1": 0.00125,
        "rank_5": 0.005,
        "rank_10": 0.01,
        "rank_20": 0.02,
        "eer": 0.5,
        "far_at_frr_0.1": 1.0,
        "far_at_frr_0.01": 1.0
      },
      "num_genuine_pairs": 4,
      "num_impostor_pairs": 9996
    },
    {
      "fold": 4,
      "cmc": [
        0.00125,
        0.0020833333333333333,
        0.0033333333333333335,
        0.004166666666666667,
        0.005,
        0.00625,
        0.007083333333333333,
        0.008333333333333333,
        0.009166666666666667,
        0.01,
        0.01125,
        0.012083333333333333,
        0.013333333333333334,
        0.014166666666666666,
        0.015,
        0.01625,
        0.017083333333333332,
        0.018333333333333333,
        0.019166666666666665,
        0.02,
        0.02125
      ],
      "metrics": {
        "rank_1": 0.00125,
        "rank_5": 0.005,
        "rank_10": 0.01,
        "rank_20": 0.02,
        "eer": 0.5,
        "far_at_frr_0.1": 1.0,
        "far_at_frr_0.01": 1.0
      },
      "num_genuine_pairs": 4,
      "num_impostor_pairs": 9996
    },
    {
      "fold": 5,
      "cmc": [
        0.0008333333333333334,
        0.0016666666666666668,
        0.002916666666666667,
        0.00375,
        0.005,
        0.005833333333333334,
        0.006666666666666667,
        0.007916666666666667,
        0.00875,
        0.01,
        0.010833333333333334,
        0.011666666666666667,
        0.012916666666666667,
        0.01375,
        0.015,
        0.015833333333333335,
        0.016666666666666666,
        0.017916666666666668,
        0.01875,
        0.02,
        0.020833333333333332
      ],
      "metrics": {
        "rank_1": 0.0008333333333333334,
        "rank_5": 0.005,
        "rank_10": 0.01,
        "rank_20": 0.02,
        "eer": 0.5,
        "far_at_frr_0.1": 1.0,
        "far_at_frr_0.01": 1.0
      },
      "num_genuine_pairs": 4,
      "num_impostor_pairs": 9996
    }
  ],
  "overall_metrics": {
    "rank_1": {
      "mean": 0.001,
      "ci_lower": 0.0007465463977013942,
      "ci_upper": 0.0012534536022986058,
      "std": 0.0002041241452319315
    },
    "rank_5": {
      "mean": 0.005,
      "ci_lower": 0.005,
      "ci_upper": 0.005,
      "std": 0.0
    },
    "rank_10": {
      "mean": 0.01,
      "ci_lower": 0.01,
      "ci_upper": 0.01,
      "std": 0.0
    },
    "rank_20": {
      "mean": 0.02,
      "ci_lower": 0.02,
      "ci_upper": 0.02,
      "std": 0.0
    },
    "eer": {
      "mean": 0.5,
      "ci_lower": 0.5,
      "ci_upper": 0.5,
      "std": 0.0
    },
    "far_at_frr_0.1": {
      "mean": 1.0,
      "ci_lower": 1.0,
      "ci_upper": 1.0,
      "std": 0.0
    },
    "far_at_frr_0.01": {
      "mean": 1.0,
      "ci_lower": 1.0,
      "ci_upper": 1.0,
      "std": 0.0
    }
  }
}