{
  "fold_results": [
    {
      "fold": 1,
      "cmc": [
        0.034482758620689655,
        0.08166969147005444,
        0.1088929219600726,
        0.1397459165154265,
        0.16878402903811252,
        0.21234119782214156,
        0.23774954627949182,
        0.26860254083484575,
        0.2885662431941924,
        0.3176043557168784,
        0.3448275862068966,
        0.36116152450090744,
        0.37749546279491836,
        0.3956442831215971,
        0.40653357531760437,
        0.41379310344827586,
        0.42105263157894735,
        0.44646098003629764,
        0.455535390199637,
        0.47368421052631576,
        0.4791288566243194
      ],
      "metrics": {
        "rank_1": 0.034482758620689655,
        "rank_5": 0.16878402903811252,
        "rank_10": 0.3176043557168784,
        "rank_20": 0.47368421052631576,
        "eer": 0.012259807846277022,
        "far_at_frr_0.1": 0.019415532425940754,
        "far_at_frr_0.01": 0.024519615692554043
      },
      "num_genuine_pairs": 8,
      "num_impostor_pairs": 9992
    },
    {
      "fold": 2,
      "cmc": [
        0.036297640653357534,
        0.08892921960072596,
        0.11433756805807622,
        0.15063520871143377,
        0.1996370235934664,
        0.21960072595281308,
        0.2577132486388385,
        0.27041742286751363,
        0.2958257713248639,
        0.308529945553539,
        0.32849364791288566,
        0.3393829401088929,
        0.35571687840290384,
        0.3738656987295826,
        0.3956442831215971,
        0.41560798548094374,
        0.42286751361161523,
        0.4283121597096189,
        0.44101633393829404,
        0.4537205081669691,
        0.47005444646098005
      ],
      "metrics": {
        "rank_1": 0.036297640653357534,
        "rank_5": 0.1996370235934664,
        "rank_10": 0.308529945553539,
        "rank_20": 0.4537205081669691,
        "eer": 0.013609526668668067,
        "far_at_frr_0.1": 0.016511558090663465,
        "far_at_frr_0.01": 0.027219053337336135
      },
      "num_genuine_pairs": 7,
      "num_impostor_pairs": 9993
    },
    {
      "fold": 3,
      "cmc": [
        0.041742286751361164,
        0.06715063520871144,
        0.11070780399274047,
        0.14156079854809436,
        0.16515426497277677,
        0.18874773139745918,
        0.20689655172413793,
        0.22867513611615245,
        0.24863883847549909,
        0.26497277676951,
        0.2849364791288566,
        0.29945553539019965,
        0.3194192377495463,
        0.3393829401088929,
        0.35390199637023595,
        0.3702359346642468,
        0.3811252268602541,
        0.38838475499092556,
        0.4101633393829401,
        0.42105263157894735,
        0.43920145190562615
      ],
      "metrics": {
        "rank_1": 0.041742286751361164,
        "rank_5": 0.16515426497277677,
        "rank_10": 0.26497277676951,
        "rank_20": 0.42105263157894735,
        "eer": 0.017462223556489544,
        "far_at_frr_0.1": 0.011107775442809968,
        "far_at_frr_0.01": 0.03492444711297909
      },
      "num_genuine_pairs": 7,
      "num_impostor_pairs": 9993
    },
    {
      "fold": 4,
      "cmc": [
        0.043557168784029036,
        0.07259528130671507,
        0.09800362976406533,
        0.12522686025408347,
        0.15789473684210525,
        0.18330308529945555,
        0.21052631578947367,
        0.23411978221415608,
        0.24500907441016334,
        0.2558983666061706,
        0.27404718693284935,
        0.30490018148820325,
        0.3194192377495463,
        0.33030852994555354,
        0.3484573502722323,
        0.3666061705989111,
        0.3793103448275862,
        0.4010889292196007,
        0.40834845735027225,
        0.4246823956442831,
        0.44283121597096187
      ],
      "metrics": {
        "rank_1": 0.043557168784029036,
        "rank_5": 0.15789473684210525,
        "rank_10": 0.2558983666061706,
        "rank_20": 0.4246823956442831,
        "eer": 0.009456619633743621,
        "far_at_frr_0.1": 0.008505954167917542,
        "far_at_frr_0.01": 0.018913239267487243
      },
      "num_genuine_pairs": 7,
      "num_impostor_pairs": 9993
    },
    {
      "fold": 5,
      "cmc": [
        0.04181818181818182,
        0.09636363636363636,
        0.13818181818181818,
        0.15818181818181817,
        0.19272727272727272,
        0.22545454545454546,
        0.24363636363636362,
        0.27454545454545454,
        0.2963636363636364,
        0.3109090909090909,
        0.33090909090909093,
        0.3527272727272727,
        0.3709090909090909,
        0.3836363636363636,
        0.40545454545454546,
        0.4127272727272727,
        0.4290909090909091,
        0.43636363636363634,
        0.44727272727272727,
        0.45454545454545453,
        0.4636363636363636
      ],
      "metrics": {
        "rank_1": 0.04181818181818182,
        "rank_5": 0.19272727272727272,
        "rank_10": 0.3109090909090909,
        "rank_20": 0.45454545454545453,
        "eer": 0.005053537476233363,
        "far_at_frr_0.1": 0.008906234364054839,
        "far_at_frr_0.01": 0.010107074952466726
      },
      "num_genuine_pairs": 7,
      "num_impostor_pairs": 9993
    }
  ],
  "overall_metrics": {
    "rank_1": {
      "mean": 0.03957960732552384,
      "ci_lower": 0.035198149449804414,
      "ci_upper": 0.043961065201243266,
      "std": 0.00352869849013727
    },
    "rank_5": {
      "mean": 0.17683946543474674,
      "ci_lower": 0.15656960748563448,
      "ci_upper": 0.197109323383859,
      "std": 0.016324752894853495
    },
    "rank_10": {
      "mean": 0.29158290711103785,
      "ci_lower": 0.25959081434696485,
      "ci_upper": 0.32357499987511085,
      "std": 0.02576549920941085
    },
    "rank_20": {
      "mean": 0.445537040092394,
      "ci_lower": 0.4208607910866674,
      "ci_upper": 0.47021328909812055,
      "std": 0.019873531842289134
    },
    "eer": {
      "mean": 0.011568343036282323,
      "ci_lower": 0.006410295361445016,
      "ci_upper": 0.01672639071111963,
      "std": 0.004154141283228896
    },
    "far_at_frr_0.1": {
      "mean": 0.012889410898277314,
      "ci_lower": 0.007506691472165714,
      "ci_upper": 0.018272130324388916,
      "std": 0.004335085364396839
    },
    "far_at_frr_0.01": {
      "mean": 0.023136686072564645,
      "ci_lower": 0.012820590722890032,
      "ci_upper": 0.03345278142223926,
      "std": 0.008308282566457792
    }
  }
}