{
  "fold_results": [
    {
      "fold": 1,
      "cmc": [
        0.44,
        0.6,
        0.6933333333333334,
        0.7733333333333333,
        0.8066666666666666,
        0.84,
        0.8533333333333334,
        0.8733333333333333,
        0.8933333333333333,
        0.9066666666666666,
        0.92,
        0.9333333333333333,
        0.96,
        0.96,
        0.9733333333333334,
        0.9933333333333333,
        0.9933333333333333,
        1.0,
        1.0,
        1.0,
        1.0
      ],
      "metrics": {
        "rank_1": 0.44,
        "rank_5": 0.8066666666666666,
        "rank_10": 0.9066666666666666,
        "rank_20": 1.0,
        "eer": 0.10133642360351519,
        "far_at_frr_0.1": 0.10463363152075586,
        "far_at_frr_0.01": 0.18122424364257714
      },
      "num_genuine_pairs": 51,
      "num_impostor_pairs": 9949
    },
    {
      "fold": 2,
      "cmc": [
        0.4533333333333333,
        0.5933333333333334,
        0.66,
        0.7066666666666667,
        0.7466666666666667,
        0.78,
        0.8266666666666667,
        0.8466666666666667,
        0.8866666666666667,
        0.9066666666666666,
        0.9266666666666666,
        0.9266666666666666,
        0.96,
        0.9866666666666667,
        0.9933333333333333,
        1.0,
        1.0,
        1.0,
        1.0,
        1.0,
        1.0
      ],
      "metrics": {
        "rank_1": 0.4533333333333333,
        "rank_5": 0.7466666666666667,
        "rank_10": 0.9066666666666666,
        "rank_20": 1.0,
        "eer": 0.09801950733052292,
        "far_at_frr_0.1": 0.08583777264046638,
        "far_at_frr_0.01": 0.1859483365162328
      },
      "num_genuine_pairs": 51,
      "num_impostor_pairs": 9949
    },
    {
      "fold": 3,
      "cmc": [
        0.46,
        0.6266666666666667,
        0.7133333333333334,
        0.7666666666666667,
        0.78,
        0.8066666666666666,
        0.8533333333333334,
        0.86,
        0.8733333333333333,
        0.8866666666666667,
        0.9333333333333333,
        0.94,
        0.96,
        0.96,
        0.9666666666666667,
        0.98,
        0.9866666666666667,
        1.0,
        1.0,
        1.0,
        1.0
      ],
      "metrics": {
        "rank_1": 0.46,
        "rank_5": 0.78,
        "rank_10": 0.8866666666666667,
        "rank_20": 1.0,
        "eer": 0.09801950733052292,
        "far_at_frr_0.1": 0.09468288270177908,
        "far_at_frr_0.01": 0.16343351090561867
      },
      "num_genuine_pairs": 51,
      "num_impostor_pairs": 9949
    },
    {
      "fold": 4,
      "cmc": [
        0.41333333333333333,
        0.6133333333333333,
        0.7066666666666667,
        0.7866666666666666,
        0.8133333333333334,
        0.8266666666666667,
        0.8466666666666667,
        0.8666666666666667,
        0.9133333333333333,
        0.9266666666666666,
        0.94,
        0.9466666666666667,
        0.9666666666666667,
        0.9733333333333334,
        0.98,
        0.98,
        1.0,
        1.0,
        1.0,
        1.0,
        1.0
      ],
      "metrics": {
        "rank_1": 0.41333333333333333,
        "rank_5": 0.8133333333333334,
        "rank_10": 0.9266666666666666,
        "rank_20": 1.0,
        "eer": 0.09801950733052292,
        "far_at_frr_0.1": 0.0933762187154488,
        "far_at_frr_0.01": 0.13508895366368479
      },
      "num_genuine_pairs": 51,
      "num_impostor_pairs": 9949
    },
    {
      "fold": 5,
      "cmc": [
        0.44666666666666666,
        0.58,
        0.6666666666666666,
        0.7266666666666667,
        0.7933333333333333,
        0.8266666666666667,
        0.8533333333333334,
        0.8733333333333333,
        0.9133333333333333,
        0.9266666666666666,
        0.9333333333333333,
        0.94,
        0.9533333333333334,
        0.9666666666666667,
        0.9866666666666667,
        0.9933333333333333,
        0.9933333333333333,
        0.9933333333333333,
        1.0,
        1.0,
        1.0
      ],
      "metrics": {
        "rank_1": 0.44666666666666666,
        "rank_5": 0.7933333333333333,
        "rank_10": 0.9266666666666666,
        "rank_20": 1.0,
        "eer": 0.10008001592435145,
        "far_at_frr_0.1": 0.10212081616242838,
        "far_at_frr_0.01": 0.13257613830535733
      },
      "num_genuine_pairs": 51,
      "num_impostor_pairs": 9949
    }
  ],
  "overall_metrics": {
    "rank_1": {
      "mean": 0.44266666666666665,
      "ci_lower": 0.4226625557679289,
      "ci_upper": 0.4626707775654044,
      "std": 0.016110727964792765
    },
    "rank_5": {
      "mean": 0.788,
      "ci_lower": 0.7586635438597805,
      "ci_upper": 0.8173364561402195,
      "std": 0.023626726862225788
    },
    "rank_10": {
      "mean": 0.9106666666666667,
      "ci_lower": 0.8920831415835853,
      "ci_upper": 0.9292501917497482,
      "std": 0.014966629547095742
    },
    "rank_20": {
      "mean": 1.0,
      "ci_lower": 1.0,
      "ci_upper": 1.0,
      "std": 0.0
    },
    "eer": {
      "mean": 0.09909499230388708,
      "ci_lower": 0.09738669640993482,
      "ci_upper": 0.10080328819783933,
      "std": 0.0013758117304065716
    },
    "far_at_frr_0.1": {
      "mean": 0.0961302643481757,
      "ci_lower": 0.08782300268464854,
      "ci_upper": 0.10443752601170286,
      "std": 0.0066904264563881575
    },
    "far_at_frr_0.01": {
      "mean": 0.15965423660669414,
      "ci_lower": 0.13184759154268147,
      "ci_upper": 0.18746088167070682,
      "std": 0.02239466160268701
    }
  }
}