{
  "total_comparisons": 281625,
  "num_samples": 750,
  "num_genuine_pairs": 3375,
  "num_impostor_pairs": 277500,
  "num_same_file": 750,
  "output_file": "/media/DRAGONSTONE/MEGAsync/Forense/Papiloscopia/Compara_Metodos_Automaticos/Plataformas/Experimento/exp0_baseline/results/pairwise_comparisons_medium.csv",
  "total_time_seconds": 60.067251443862915,
  "memory_peak_mb": 1727.87890625,
  "memory_avg_mb": 1727.8728693181818,
  "cpu_avg_percent": 100.8272727272727,
  "gpu_memory_peak_mb": 808.57568359375,
  "num_measurements": 55,
  "genuine_score_mean": 0.9864284462752165,
  "genuine_score_std": 0.02581779219840778,
  "impostor_score_mean": 0.614120341891104,
  "impostor_score_std": 0.22349507071633049
}