{
  "total_comparisons": 3793635,
  "num_samples": 2754,
  "num_genuine_pairs": 12249,
  "num_impostor_pairs": 3778632,
  "num_same_file": 2754,
  "output_file": "/media/DRAGONSTONE/MEGAsync/Forense/Papiloscopia/Compara_Metodos_Automaticos/Plataformas/Experimento/exp0_baseline/results/pairwise_comparisons_prod.csv",
  "total_time_seconds": 275.1997740268707,
  "memory_peak_mb": 1255.7578125,
  "memory_avg_mb": 1184.9729835304054,
  "cpu_avg_percent": 101.80027027027026,
  "gpu_memory_peak_mb": 699.43408203125,
  "num_measurements": 370,
  "genuine_score_mean": 0.9868073501431881,
  "genuine_score_std": 0.09185895709440667,
  "impostor_score_mean": 0.6802644163604954,
  "impostor_score_std": 0.3583320767084753
}