{
  "train_loss": [
    5.454774035347833,
    5.346919483608669,
    5.327792273627387,
    5.311936828825209,
    5.306348959604899
  ],
  "val_loss": [
    5.165124297142029,
    5.269855856895447,
    5.284388065338135,
    5.2529168128967285,
    5.208991050720215
  ]
}