{
  "train_loss": [
    40.59763611687554,
    34.03654034932455,
    33.41054810418023,
    33.02999305725098,
    32.53353797064887,
    32.56053553687202,
    32.03001594543457,
    32.00828297932943,
    31.69491460588243,
    31.59411472744412
  ],
  "val_loss": [
    5.301104307174683,
    5.294266939163208,
    5.294344663619995,
    5.249307036399841,
    5.247020244598389,
    5.239737868309021,
    5.244061470031738,
    5.2438719272613525,
    5.2484071254730225,
    5.247982621192932
  ]
}