{
  "train_loss": [
    16.21080121439466,
    13.265106973379908,
    12.90638609190245,
    12.860987240975911,
    12.85054238689359,
    12.853508834203605,
    12.851633763658262,
    12.851483233340153,
    12.852379139153774,
    12.851836424787741,
    12.84447950565714,
    12.846451202182212,
    12.841976632845393,
    12.842497874308634,
    12.843556442906419,
    12.84269256445999,
    12.837206990739018,
    12.837939852871532,
    12.837968010086197,
    12.837173907638995,
    12.8379063026976,
    12.837844926999171,
    12.834147852950496,
    12.835246309764132
  ],
  "val_loss": [
    20.642644353456134,
    17.61661777496338,
    17.31017878568625,
    17.281638319281083,
    17.3002422381051,
    17.298022757904437,
    17.303791946700855,
    17.303742073155657,
    17.300250347958336,
    17.298908079123194,
    17.296971012067193,
    17.296631955496874,
    17.295441171187388,
    17.29820121330551,
    17.300428518464294,
    17.301197513145738,
    17.296984469739698,
    17.297220773334743,
    17.296700011627582,
    17.297820733468743,
    17.2973561516291,
    17.29629954326002,
    17.295566858219196,
    17.295680007451697
  ]
}