{
  "train_loss": [
    3.4203418095906577,
    2.9212995767593384,
    2.849246303240458
  ],
  "val_loss": [
    2.1910247802734375,
    2.193758010864258,
    2.1890764236450195
  ]
}