{
  "train_loss": [
    10.57632487160819,
    9.782229116984777
  ],
  "val_loss": [
    11.289021333058676,
    11.027120272318522
  ]
}