{
  "train_loss": [
    5.4042866759830055,
    5.316414435704549,
    5.295058700773451,
    5.277853382958306,
    5.27094038327535,
    5.231864028506809,
    5.196485545900133,
    5.234845770729913,
    5.186013592614068,
    5.207508405049642
  ],
  "val_loss": [
    5.545170545578003,
    5.547792077064514,
    5.4589923620224,
    5.365586638450623,
    5.3633081912994385,
    5.411295771598816,
    5.285762310028076,
    5.347799301147461,
    5.37637197971344,
    5.387230634689331
  ]
}