{
  "train_loss": [
    11.780501378725653,
    11.76670562186742,
    11.7643746262816,
    11.75738161775075,
    11.752104918162027,
    11.749022418505525,
    11.745973419381059,
    11.7426395372713,
    11.741935690788374,
    11.740205499135197,
    11.738686700934144,
    11.734970828713891,
    11.72057253911615,
    11.688588736808462,
    11.631726589377068,
    11.56731071864089,
    11.50679232758474,
    11.45214956100673,
    11.397821158578951,
    11.340909461452537,
    11.294576895291403,
    11.25851948402788,
    11.211991266572856,
    11.17236118229557,
    11.140687319786037,
    11.108018404816928,
    11.071913046379612,
    11.041507716592589,
    11.00869593772714,
    10.98227528349994
  ],
  "val_loss": [
    11.719190912043794,
    11.722479769524108,
    11.727650348176347,
    11.724217343837656,
    11.723137622183941,
    11.710666037620381,
    11.720461003323818,
    11.716590465383327,
    11.71678051035455,
    11.716819844347365,
    11.71732493664356,
    11.72167702938648,
    11.71582023133623,
    11.70980468709418,
    11.724241429186883,
    11.723681155671464,
    11.724045073732416,
    11.730979006341164,
    11.748460860962563,
    11.751055829068447,
    11.764061034993922,
    11.780288036833419,
    11.791442627602436,
    11.793972147271989,
    11.804788021331138,
    11.818852028948195,
    11.832570136861598,
    11.838703348281536,
    11.857794183365842,
    11.871590502718663
  ]
}