{
  "train_loss": [
    38.85615913182089,
    37.867102540246975,
    37.57478927368443,
    37.35674406948699,
    37.17433266661483,
    37.091429915058015,
    36.98454307312291,
    36.93634036686867,
    36.83950960690572,
    36.77791301953738,
    36.69088667603933,
    36.61714722794485,
    36.51557650631421,
    36.44896657935016,
    36.37606291574975,
    36.330034560808855,
    36.264312665756435,
    36.20199370710817,
    36.1490821054537,
    36.05920121876616,
    36.0099255287484,
    35.956449238677,
    35.88852712552841,
    35.85929948989659,
    35.77531873798806,
    35.708505282118985,
    35.62974259189275,
    35.59151824533123,
    35.53732773593572,
    35.45063333206525
  ],
  "val_loss": [
    11.732468148495288,
    11.730030729415569,
    11.719644779854633,
    11.719446577924364,
    11.720001443903497,
    11.717726778476797,
    11.719068263439421,
    11.716313808522326,
    11.717103298674239,
    11.715389951746515,
    11.716965604335703,
    11.716115373246213,
    11.716923175974095,
    11.716164020781822,
    11.716641892778112,
    11.71525644748769,
    11.716310612698818,
    11.718419957668223,
    11.71860128767947,
    11.721137614960366,
    11.715992836242027,
    11.71872105496995,
    11.719554728650031,
    11.723762715116461,
    11.720084961424483,
    11.722400736301504,
    11.721852728661071,
    11.717915210318058,
    11.721637309865748,
    11.720020385498696
  ]
}