{
  "train_loss": [
    5.364173889160156,
    5.322608629862468,
    5.3153880967034235,
    5.289100382063124,
    5.278068463007609
  ],
  "val_loss": [
    5.3754212856292725,
    5.395220875740051,
    5.355806946754456,
    5.255215406417847,
    5.224787473678589
  ]
}