{
  "fold_results": [
    {
      "fold": 1,
      "cmc": [
        0.0036496350364963502,
        0.0072992700729927005,
        0.010948905109489052,
        0.01824817518248175,
        0.021897810218978103,
        0.025547445255474453,
        0.02737226277372263,
        0.029197080291970802,
        0.032846715328467155,
        0.032846715328467155,
        0.03832116788321168,
        0.03832116788321168,
        0.041970802919708027,
        0.04744525547445255,
        0.051094890510948905,
        0.05291970802919708,
        0.05656934306569343,
        0.060218978102189784,
        0.06386861313868614,
        0.06934306569343066,
        0.06934306569343066
      ],
      "metrics": {
        "rank_1": 0.0072992700729927005,
        "rank_5": 0.025547445255474453,
        "rank_10": 0.03832116788321168,
        "rank_20": 0.06934306569343066,
        "eer": 0.5,
        "far_at_frr_0.1": 1.0,
        "far_at_frr_0.01": 1.0
      },
      "num_genuine_pairs": 10,
      "num_impostor_pairs": 9990
    },
    {
      "fold": 2,
      "cmc": [
        0.0018248175182481751,
        0.009124087591240875,
        0.012773722627737226,
        0.016423357664233577,
        0.01824817518248175,
        0.020072992700729927,
        0.025547445255474453,
        0.02737226277372263,
        0.03102189781021898,
        0.032846715328467155,
        0.0364963503649635,
        0.040145985401459854,
        0.043795620437956206,
        0.043795620437956206,
        0.04927007299270073,
        0.051094890510948905,
        0.05291970802919708,
        0.05474452554744526,
        0.05474452554744526,
        0.058394160583941604,
        0.058394160583941604
      ],
      "metrics": {
        "rank_1": 0.009124087591240875,
        "rank_5": 0.020072992700729927,
        "rank_10": 0.0364963503649635,
        "rank_20": 0.058394160583941604,
        "eer": 0.5,
        "far_at_frr_0.1": 1.0,
        "far_at_frr_0.01": 1.0
      },
      "num_genuine_pairs": 10,
      "num_impostor_pairs": 9990
    },
    {
      "fold": 3,
      "cmc": [
        0.0072992700729927005,
        0.014598540145985401,
        0.021897810218978103,
        0.021897810218978103,
        0.029197080291970802,
        0.029197080291970802,
        0.03467153284671533,
        0.0364963503649635,
        0.040145985401459854,
        0.04562043795620438,
        0.04927007299270073,
        0.04927007299270073,
        0.05291970802919708,
        0.05291970802919708,
        0.05291970802919708,
        0.05291970802919708,
        0.058394160583941604,
        0.058394160583941604,
        0.06386861313868614,
        0.06386861313868614,
        0.06386861313868614
      ],
      "metrics": {
        "rank_1": 0.014598540145985401,
        "rank_5": 0.029197080291970802,
        "rank_10": 0.04927007299270073,
        "rank_20": 0.06386861313868614,
        "eer": 0.5,
        "far_at_frr_0.1": 1.0,
        "far_at_frr_0.01": 1.0
      },
      "num_genuine_pairs": 10,
      "num_impostor_pairs": 9990
    },
    {
      "fold": 4,
      "cmc": [
        0.003656307129798903,
        0.005484460694698354,
        0.005484460694698354,
        0.009140767824497258,
        0.009140767824497258,
        0.010968921389396709,
        0.010968921389396709,
        0.016453382084095063,
        0.025594149908592323,
        0.025594149908592323,
        0.025594149908592323,
        0.029250457038391225,
        0.029250457038391225,
        0.03290676416819013,
        0.038391224862888484,
        0.04204753199268738,
        0.04204753199268738,
        0.04204753199268738,
        0.043875685557586835,
        0.04753199268738574,
        0.04936014625228519
      ],
      "metrics": {
        "rank_1": 0.005484460694698354,
        "rank_5": 0.010968921389396709,
        "rank_10": 0.025594149908592323,
        "rank_20": 0.04936014625228519,
        "eer": 0.5,
        "far_at_frr_0.1": 1.0,
        "far_at_frr_0.01": 1.0
      },
      "num_genuine_pairs": 10,
      "num_impostor_pairs": 9990
    }
  ],
  "overall_metrics": {
    "rank_1": {
      "mean": 0.009126589626229333,
      "ci_lower": 0.003698533005062052,
      "ci_upper": 0.014554646247396615,
      "std": 0.003411247889496368
    },
    "rank_5": {
      "mean": 0.02144660990939297,
      "ci_lower": 0.01052163100726022,
      "ci_upper": 0.032371588811525714,
      "std": 0.006865774221544211
    },
    "rank_10": {
      "mean": 0.037420435287367056,
      "ci_lower": 0.024061261825531637,
      "ci_upper": 0.050779608749202475,
      "std": 0.008395537382456783
    },
    "rank_20": {
      "mean": 0.0602414964170859,
      "ci_lower": 0.04849952636897257,
      "ci_upper": 0.07198346646519922,
      "std": 0.007379210155796523
    },
    "eer": {
      "mean": 0.5,
      "ci_lower": 0.5,
      "ci_upper": 0.5,
      "std": 0.0
    },
    "far_at_frr_0.1": {
      "mean": 1.0,
      "ci_lower": 1.0,
      "ci_upper": 1.0,
      "std": 0.0
    },
    "far_at_frr_0.01": {
      "mean": 1.0,
      "ci_lower": 1.0,
      "ci_upper": 1.0,
      "std": 0.0
    }
  }
}