{
  "train_loss": [
    15.494270366430282,
    14.510133880376817,
    13.619847874343396,
    12.849839207530021,
    12.17196183949709,
    11.592325477302074,
    11.084675341844559,
    10.640785020589828,
    10.258682471513747,
    9.91869235932827,
    9.622156955301762,
    9.367096610367298,
    9.145882639288903,
    8.94892452955246,
    8.783736027777195,
    8.634245492517948,
    8.51061934530735,
    8.38595381975174,
    8.285887596011161,
    8.20629192739725,
    8.122166095674038,
    8.06566263437271,
    8.005703039467335,
    7.9575055375695225,
    7.909400252997875,
    7.87181870341301,
    7.835034117102623,
    7.808364453911781,
    7.777652144432068,
    7.760728128254414,
    7.7409458488225935,
    7.7271268025040625,
    7.710333132743836,
    7.691136330366135,
    7.682715734839439,
    7.666376906633377,
    7.662942557036876,
    7.6546022772789,
    7.64575674533844,
    7.6346652686595915,
    7.636278632283211,
    7.628848762810231,
    7.625317159295082,
    7.624227316677571,
    7.61011655330658,
    7.614170764386654,
    7.615012377500534,
    7.606311072409153,
    7.606331242620945,
    7.601661419868469,
    7.597852221131324,
    7.599690456688404,
    7.599190509319305,
    7.596180900931358,
    7.599200481176377,
    7.594756351411343,
    7.59273650944233,
    7.593234924972057,
    7.588241621851921,
    7.595473259687424,
    7.588136713206768,
    7.587568511068821,
    7.5878709450364115,
    7.587722265720368,
    7.590790620446205
  ],
  "val_loss": [
    16.842695692311164,
    16.10164925672006,
    15.208254358042842,
    14.423927099808402,
    13.751971590346184,
    13.12637027795764,
    12.608207868493121,
    12.147496057593305,
    11.759286534958992,
    11.400278478428937,
    11.119706706724305,
    10.845814359360848,
    10.615988869597947,
    10.437830137169879,
    10.245359655739605,
    10.11531710970229,
    9.98014361616494,
    9.863723077635834,
    9.755265208258145,
    9.690286387567935,
    9.606272186058154,
    9.560169137042502,
    9.499071494392727,
    9.450100760529006,
    9.41859669616257,
    9.384751941846764,
    9.325955529143846,
    9.328233013982357,
    9.296235554460166,
    9.266788607058318,
    9.246927496315777,
    9.244216379912004,
    9.228064191514168,
    9.20881886413132,
    9.181009651958078,
    9.180314713630123,
    9.197891719099404,
    9.182302198548248,
    9.175348406252654,
    9.16649131498475,
    9.164801556131113,
    9.148441687874172,
    9.169167145438816,
    9.150669180828592,
    9.160024242124695,
    9.14158839073734,
    9.151324382726697,
    9.134433096733646,
    9.138545533885127,
    9.129940806955531,
    9.139417385709459,
    9.127859972525334,
    9.13919985121575,
    9.122075523155322,
    9.112399142721426,
    9.140195528666178,
    9.133659901826277,
    9.130814483200295,
    9.129224625186644,
    9.118963711503623,
    9.133813899496328,
    9.119588160860365,
    9.139347739841627,
    9.122574101323666,
    9.134380658467611
  ]
}